Produktname,Kategorie,Unterkategorie,Preis_EUR,Startdatum,Enddatum,Supermarkt
CUCINA NOBILE Tortelloni XXL (versch. Sorten),Lebensmittel,Pasta/Fertiggerichte,1.99,2025-04-22,2025-04-26,Aldi
CUCINA Grissotti (versch. Sorten),Lebensmittel,Snacks/Gebäck,0.99,2025-04-22,2025-04-26,Aldi
"CUCINA NOBILE Dessert (versch. Sorten, enthält Alkohol)",Lebensmittel,Milchprodukte/Desserts,2.99,2025-04-22,2025-04-26,Aldi
YUM YUM Instant-Nudelgericht (versch. Sorten),Lebensmittel,Fertiggerichte,0.44,2025-04-22,2025-04-26,Aldi
MÜLLER Müllermilch (versch. Sorten),Lebensmittel,Getränke/Milchprodukte,0.59,2025-04-22,2025-04-26,Aldi
CUCINA NOBILE Aperitivo Sprizz,Getränke,Alkoholische Getränke,1.49,2025-04-22,2025-04-26,Aldi
CUCINA NOBILE Hartkäse (gerieben & getrocknet),Lebensmittel,Milchprodukte/Käse,2.99,2025-04-22,2025-04-26,Aldi
Mini-Roma-Rispentomaten,Lebensmittel,Gemüse,1.39,2025-04-22,2025-04-26,Aldi
Maltesers (175g),Lebensmittel,Süßwaren,1.99,2025-04-22,2025-04-26,Aldi
MEINE METZGEREI Hähnchenbrustfilet-Teilstücke (600g),Lebensmittel,Fleisch/Geflügel,4.99,2025-04-22,2025-04-26,Aldi
UP2FASHION Leder-Pantolette,Kleidung,Schuhe,9.99,2025-04-24,2025-04-26,Aldi
Zucchini (lose),Lebensmittel,Gemüse,0.99,2025-04-22,2025-04-26,Aldi
HONEY CRUNCH Tafeläpfel rot (800g),Lebensmittel,Obst,1.79,2025-04-22,2025-04-26,Aldi
Pflaumen (500g),Lebensmittel,Obst,1.99,2025-04-22,2025-04-26,Aldi
"Saftorangen (1,5kg)",Lebensmittel,Obst,1.89,2025-04-22,2025-04-26,Aldi
"Ingwer (Bio, lose)",Lebensmittel,Gemüse,0.49,2025-04-22,2025-04-26,Aldi
"Tafeltrauben hell (kernlos, 500g)",Lebensmittel,Obst,1.39,2025-04-22,2025-04-26,Aldi
"Spargel (Klasse 2, 1kg)",Lebensmittel,Gemüse,0.0,2025-04-22,2025-04-26,Aldi
Speisemöhren (2kg),Lebensmittel,Gemüse,1.19,2025-04-22,2025-04-26,Aldi
GARDENLINE Premiumrose,Garten/Pflanzen,Pflanzen,3.49,2025-04-22,2025-04-26,Aldi
GARDENLINE Clematis,Garten/Pflanzen,Pflanzen,3.49,2025-04-22,2025-04-26,Aldi
Spraynelken (10 Stiele),Garten/Pflanzen,Schnittblumen,1.99,2025-04-22,2025-04-26,Aldi
MEINE METZGEREI Hähnchen-Ecken (mit Dips),Lebensmittel,Fleisch/Geflügel,3.99,2025-04-22,2025-04-26,Aldi
MEINE METZGEREI Rinderhackfleisch (500g),Lebensmittel,Fleisch,4.99,2025-04-22,2025-04-26,Aldi
MEINE METZGEREI Kalbs-Bratwurst XXL (600g),Lebensmittel,Fleisch/Wurst,5.99,2025-04-22,2025-04-26,Aldi
"MEINE METZGEREI Minutensteaks (Schwein, 400g)",Lebensmittel,Fleisch,2.79,2025-04-22,2025-04-26,Aldi
"FAIR & GUT Bayerischer Leberkäse (roh, 450g)",Lebensmittel,Fleisch/Wurst,2.99,2025-04-22,2025-04-26,Aldi
"MEINE METZGEREI Hähnchen-Schnitte (gefüllt, 625g)",Lebensmittel,Fleisch/Geflügel,5.49,2025-04-22,2025-04-26,Aldi
"GOLDEN SEAFOOD Calamari-Ringe XXL (Backteig, 400g)",Lebensmittel,Fisch/Meeresfrüchte,3.79,2025-04-22,2025-04-26,Aldi
"ARLA Finello Reibekäse (versch. Sorten, 150g)",Lebensmittel,Milchprodukte/Käse,1.39,2025-04-22,2025-04-26,Aldi
"GUTFRIED Hähnchenbrust-Aufschnitt (versch. Sorten, 80g)",Lebensmittel,Wurstwaren,1.39,2025-04-22,2025-04-26,Aldi
"MEGGLE Feine Butter/Streichzart (versch. Sorten, 250g)",Lebensmittel,Milchprodukte/Butter,2.19,2025-04-22,2025-04-26,Aldi
"HERTA Kochschinken XXL (versch. Sorten, 140g)",Lebensmittel,Wurstwaren,1.99,2025-04-22,2025-04-26,Aldi
ZOTT SahneJoghurt (versch. Sorten),Lebensmittel,Milchprodukte/Joghurt,0.39,2025-04-22,2025-04-26,Aldi
"Brunch Brotaufstrich (versch. Sorten, 185g)",Lebensmittel,Brotaufstriche/Käse,1.29,2025-04-22,2025-04-26,Aldi
FERRERO Kinder Paradiso (4x29g),Lebensmittel,Süßwaren/Kuchen,1.49,2025-04-22,2025-04-26,Aldi
HELLA Near Water (versch. Sorten),Getränke,Wasser/Softdrinks,0.59,2025-04-22,2025-04-26,Aldi
RIO D’ORO Guave-Nektar (1L),Getränke,Säfte/Nektare,0.99,2025-04-22,2025-04-26,Aldi
"Coca-Cola (versch. Sorten, 6x0,33L)",Getränke,Softdrinks,3.79,2025-04-22,2025-04-26,Aldi
"TRADER JOE’S Snackmandeln (versch. Sorten, 150g)",Lebensmittel,Snacks/Nüsse,1.49,2025-04-22,2025-04-26,Aldi
"TRADER JOE’S Pecankerne (naturbelassen, 200g)",Lebensmittel,Snacks/Nüsse,3.19,2025-04-22,2025-04-26,Aldi
FUNNY-FRISCH Spezialität (versch. Sorten),Lebensmittel,Snacks/Chips,1.11,2025-04-22,2025-04-26,Aldi
"MARS Minis (versch. Sorten, 227g)",Lebensmittel,Süßwaren,2.49,2025-04-22,2025-04-26,Aldi
"CHOCEUR Schokolinsen (Pfefferminzmantel, 300g)",Lebensmittel,Süßwaren,2.29,2025-04-22,2025-04-26,Aldi
MEINE KUCHENWELT Tortenboden (versch. Sorten),Lebensmittel,Backwaren,1.49,2025-04-22,2025-04-26,Aldi
BISCOTTO Eisgebäck (versch. Sorten),Lebensmittel,Snacks/Gebäck,0.79,2025-04-22,2025-04-26,Aldi
IRONMAXX Proteinriegel (versch. Sorten),Lebensmittel,Sportnahrung/Snacks,1.49,2025-04-22,2025-04-26,Aldi
IRONMAXX Protein-Chips/-Cracker (versch. Sorten),Lebensmittel,Sportnahrung/Snacks,1.79,2025-04-22,2025-04-26,Aldi
"IRONMAXX Proteinpulver (versch. Sorten, 500g)",Lebensmittel,Sportnahrung,9.99,2025-04-22,2025-04-26,Aldi
MCCAIN Frites (versch. Sorten),Lebensmittel,Tiefkühlkost/Beilagen,1.49,2025-04-22,2025-04-26,Aldi
HEINZ Mayo/Ketchup (versch. Sorten),Lebensmittel,Saucen/Ketchup,1.99,2025-04-22,2025-04-26,Aldi
LENOR Wäscheparfüm (versch. Sorten),Haushalt/Drogerie,Waschmittel/Reiniger,4.99,2025-04-22,2025-04-26,Aldi
ALWAYS Slipeinlagen (versch. Sorten/Größen),Drogerie,Damenhygiene,3.29,2025-04-22,2025-04-26,Aldi
"MEISTER PROPER Reiniger (Bad/Fettentferner, 800ml)",Haushalt/Drogerie,Reinigungsmittel,2.29,2025-04-22,2025-04-26,Aldi
"CORAL Flüssigwaschmittel XXL (Color, 3L)",Haushalt/Drogerie,Waschmittel,9.99,2025-04-22,2025-04-26,Aldi
"DOMESTOS WC-Steine Power 5 XXL (versch. Sorten, 5x55g)",Haushalt/Drogerie,WC-Reiniger,4.99,2025-04-22,2025-04-26,Aldi
Swiffer (versch. Sorten/Sets),Haushalt/Drogerie,Reinigungsmittel,4.99,2025-04-22,2025-04-26,Aldi
"FROSTA Fertiggericht (versch. Sorten, 375g)",Lebensmittel,Tiefkühlkost/Fertiggerichte,1.99,2025-04-22,2025-04-26,Aldi
IGLO Green Cuisine (versch. Sorten),Lebensmittel,Tiefkühlkost/Vegetarisch-Vegan,2.79,2025-04-22,2025-04-26,Aldi
"CUCINA NOBILE Lasagne (versch. Sorten, 400g)",Lebensmittel,Fertiggerichte/Tiefkühlkost,1.69,2025-04-22,2025-04-26,Aldi
"CUCINA NOBILE Pasta-Fertiggericht (frisch, versch. Sorten, 350g)",Lebensmittel,Fertiggerichte/Kühlregal,1.99,2025-04-22,2025-04-26,Aldi
CUCINA NOBILE Stracciatella di Burrata (140g),Lebensmittel,Milchprodukte/Käse,1.89,2025-04-22,2025-04-26,Aldi
"CUCINA NOBILE Oliven (mariniert, versch. Sorten, 150g)",Lebensmittel,Feinkost/Antipasti,1.79,2025-04-22,2025-04-26,Aldi
"CUCINA NOBILE Italienische Salami-Spezialität (versch. Sorten, 100g)",Lebensmittel,Wurstwaren/Salami,1.79,2025-04-22,2025-04-26,Aldi
"CUCINA NOBILE Käsecreme (versch. Sorten, 100g)",Lebensmittel,Milchprodukte/Käse,1.69,2025-04-22,2025-04-26,Aldi
"CUCINA NOBILE Pizzateig (mit Tomatensauce, 600g)",Lebensmittel,Backzutaten/Kühlregal,1.79,2025-04-22,2025-04-26,Aldi
"CUCINA NOBILE Pizzaschnecken (versch. Sorten, 270g)",Lebensmittel,Fertiggerichte/Kühlregal,1.99,2025-04-22,2025-04-26,Aldi
"CUCINA NOBILE Salsiccia (versch. Sorten, 300g)",Lebensmittel,Fleisch/Wurst,2.99,2025-04-22,2025-04-26,Aldi
CUCINA NOBILE Prosciutto Cotto XXL (240g),Lebensmittel,Wurstwaren/Schinken,2.49,2025-04-22,2025-04-26,Aldi
CUCINA NOBILE Pizza Mozzarella di latte di bufala (386g),Lebensmittel,Tiefkühlkost/Pizza,2.99,2025-04-22,2025-04-26,Aldi
CUCINA NOBILE Südtiroler Speck g.g.A. (1kg),Lebensmittel,Wurstwaren/Schinken,11.99,2025-04-22,2025-04-26,Aldi
"CUCINA NOBILE Italienische Salami-Spezialität (Original ital., versch. Sorten, 200g)",Lebensmittel,Wurstwaren/Salami,2.49,2025-04-22,2025-04-26,Aldi
CUCINA NOBILE Holzofenpizza (versch. Sorten),Lebensmittel,Tiefkühlkost/Pizza,2.79,2025-04-22,2025-04-26,Aldi
CUCINA NOBILE Pinsa (230g),Lebensmittel,Backwaren/Tiefkühlkost,1.99,2025-04-22,2025-04-26,Aldi
"CUCINA NOBILE Pasta-Sauce (versch. Sorten, 400ml)",Lebensmittel,Saucen/Konserven,1.69,2025-04-22,2025-04-26,Aldi
"CUCINA NOBILE Farfalle Fantasia (versch. Sorten, 250g)",Lebensmittel,Pasta,1.49,2025-04-22,2025-04-26,Aldi
"CUCINA NOBILE Italienisches Olivenöl (unfiltriert, 500ml)",Lebensmittel,Öle/Essig,5.99,2025-04-22,2025-04-26,Aldi
"KING’S CROWN Kapern (fein-würzig, 60g ATG)",Lebensmittel,Konserven/Feinkost,0.59,2025-04-22,2025-04-26,Aldi
"CUCINA NOBILE Oliven in Scheiben (versch. Sorten, 120g ATG)",Lebensmittel,Konserven/Feinkost,0.99,2025-04-22,2025-04-26,Aldi
"CUCINA NOBILE Provolone Valpadana DOP (versch. Sorten, 250g)",Lebensmittel,Milchprodukte/Käse,2.89,2025-04-22,2025-04-26,Aldi
"CUCINA NOBILE Gran Moravia (Hartkäse am Stück, 200g)",Lebensmittel,Milchprodukte/Käse,2.69,2025-04-22,2025-04-26,Aldi
"CUCINA NOBILE Schnittkäse (ital., versch. Sorten, 140g)",Lebensmittel,Milchprodukte/Käse,1.69,2025-04-22,2025-04-26,Aldi
"CUCINA NOBILE Anchovis (marinierte Sardellenfilets, versch. Sorten, 100g)",Lebensmittel,Fisch/Feinkost,1.69,2025-04-22,2025-04-26,Aldi
"CUCINA NOBILE Taralli (versch. Sorten, 200g)",Lebensmittel,Snacks/Gebäck,1.29,2025-04-22,2025-04-26,Aldi
"CUCINA NOBILE Frutti di Mare (versch. Sorten, 270g)",Lebensmittel,Fisch/Meeresfrüchte,3.49,2025-04-22,2025-04-26,Aldi
CUCINA NOBILE Pistaziencreme (200g),Lebensmittel,Brotaufstriche/Süßwaren,2.59,2025-04-22,2025-04-26,Aldi
"CUCINA NOBILE Dessert (versch. Sorten, 2x90g)",Lebensmittel,Milchprodukte/Desserts,1.29,2025-04-22,2025-04-26,Aldi
"MUCCI Eisdessert im Becher (versch. Sorten, 2 Stk)",Lebensmittel,Tiefkühlkost/Eis,1.99,2025-04-22,2025-04-26,Aldi
"CUCINA NOBILE Feines Gebäck (versch. Sorten, 200g)",Lebensmittel,Süßwaren/Gebäck,1.99,2025-04-22,2025-04-26,Aldi
CUCINA NOBILE Amarettini (250g),Lebensmittel,Süßwaren/Gebäck,1.29,2025-04-22,2025-04-26,Aldi
"CUCINA NOBILE Blätterteiggebäck (versch. Sorten, 200g)",Lebensmittel,Süßwaren/Gebäck,0.99,2025-04-22,2025-04-26,Aldi
"RAVINI Kaffeelikör (versch. Sorten, 15% Vol, 0,5L)",Getränke,Alkoholische Getränke/Likör,5.49,2025-04-22,2025-04-26,Aldi
"CUCINA NOBILE Cantuccini (versch. Sorten, 300g)",Lebensmittel,Süßwaren/Gebäck,1.69,2025-04-22,2025-04-26,Aldi
"CUCINA NOBILE Mürbegebäck (versch. Sorten, 350g)",Lebensmittel,Süßwaren/Gebäck,1.49,2025-04-22,2025-04-26,Aldi
"DOPPIO TRATTO Primitivo Puglia (Rotwein, halbtrocken, 0,75L)",Getränke,Alkoholische Getränke/Wein,3.69,2025-04-22,2025-04-26,Aldi
"PAVONERO Rosé Primitivo Puglia IGT (Roséwein, halbtrocken, 0,75L)",Getränke,Alkoholische Getränke/Wein,3.69,2025-04-22,2025-04-26,Aldi
"RAVINI Limoncello/Crema di Limoncello (0,5L)",Getränke,Alkoholische Getränke/Likör,4.99,2025-04-22,2025-04-26,Aldi
"GOLDÄHREN Toast (versch. Sorten, 500g)",Lebensmittel,Backwaren/Toast,0.79,2025-04-22,2025-04-26,Aldi
"GOLDÄHREN Sandwichtoast (versch. Sorten, 750g)",Lebensmittel,Backwaren/Toast,1.09,2025-04-22,2025-04-26,Aldi
"GOLDLAND/GRANDESSA Honig (versch. Sorten, 500g)",Lebensmittel,Brotaufstriche/Honig,2.49,2025-04-22,2025-04-26,Aldi
GOLDÄHREN Vital & fit Mehrkornbrot (500g),Lebensmittel,Backwaren/Brot,1.19,2025-04-22,2025-04-26,Aldi
GOLDEN BRIDGE Cornflakes (500g),Lebensmittel,Frühstück/Cerealien,1.45,2025-04-22,2025-04-26,Aldi
GOLDEN BRIDGE Schoko Chips/Schoko Balls (750g),Lebensmittel,Frühstück/Cerealien,2.49,2025-04-22,2025-04-26,Aldi
"GOLDEN BRIDGE Müsli-Riegel (versch. Sorten, 8x25g)",Lebensmittel,Snacks/Riegel,1.29,2025-04-22,2025-04-26,Aldi
NUSSKATI Nuss-Nougat-Creme (400g),Lebensmittel,Brotaufstriche/Süß,1.69,2025-04-22,2025-04-26,Aldi
BELLASAN Sonnenblumenöl (1L),Lebensmittel,Öle/Essig,1.49,2025-04-22,2025-04-26,Aldi
BELLASAN Rapsöl (1L),Lebensmittel,Öle/Essig,1.49,2025-04-22,2025-04-26,Aldi
"MUCCI Mochi-Eis (versch. Sorten, 6 Stk)",Lebensmittel,Tiefkühlkost/Eis,3.99,2025-04-22,2025-04-26,Aldi
"MUCCI Eisriegel (versch. Sorten, 6 Stk)",Lebensmittel,Tiefkühlkost/Eis,1.99,2025-04-22,2025-04-26,Aldi
"MUCCI Doppelfruchtsticks (versch. Sorten, 6 Stk)",Lebensmittel,Tiefkühlkost/Eis,1.99,2025-04-22,2025-04-26,Aldi
"MUCCI Eisbecher Eisdielen-Edition (versch. Sorten, 3 Stk)",Lebensmittel,Tiefkühlkost/Eis,1.99,2025-04-22,2025-04-26,Aldi
"MUCCI Eissticks (versch. Sorten, 6 Stk)",Lebensmittel,Tiefkühlkost/Eis,2.49,2025-04-22,2025-04-26,Aldi
MUCCI Spaghetti-Eishörnchen (4 Stk),Lebensmittel,Tiefkühlkost/Eis,2.29,2025-04-22,2025-04-26,Aldi
MUCCI Nuss-Nougat-Eis (470ml),Lebensmittel,Tiefkühlkost/Eis,3.49,2025-04-22,2025-04-26,Aldi
MUCCI Stieleis Mini-Mandel (12 Stk),Lebensmittel,Tiefkühlkost/Eis,2.79,2025-04-22,2025-04-26,Aldi
MUCCI Sensation Mini-Frucht (12 Stk),Lebensmittel,Tiefkühlkost/Eis,3.49,2025-04-22,2025-04-26,Aldi
"MUCCI Eis (versch. Sorten, 6 Stk)",Lebensmittel,Tiefkühlkost/Eis,2.99,2025-04-22,2025-04-26,Aldi
OPTIWISCH Schmutzradier-Schwämme (6er),Haushalt/Drogerie,Reinigungsmittel,1.99,2025-04-24,2025-04-26,Aldi
HOME CREATION Alu-Wäschespinne,Haushalt,Wäschepflege,37.99,2025-04-24,2025-04-26,Aldi
HOME CREATION Wäschehelfer (versch.),Haushalt,Wäschepflege,2.99,2025-04-24,2025-04-26,Aldi
TANDIL Wäschepflegetücher (Aktiv-Weiß/Anti-Verfärbung),Haushalt/Drogerie,Waschmittel/Reiniger,1.29,2025-04-24,2025-04-26,Aldi
TANDIL Power Flecken-Gel/Gallseife (250ml),Haushalt/Drogerie,Waschmittel/Reiniger,1.45,2025-04-24,2025-04-26,Aldi
TANDIL Vorwaschspray (750ml),Haushalt/Drogerie,Waschmittel/Reiniger,1.79,2025-04-24,2025-04-26,Aldi
TANDIL Waschmaschinenpfleger (2x250ml),Haushalt/Drogerie,Reinigungsmittel,2.99,2025-04-24,2025-04-26,Aldi
"TANDIL Flüssigwaschmittel XL (Premium-Düfte, 2,75L)",Haushalt/Drogerie,Waschmittel,5.99,2025-04-24,2025-04-26,Aldi
Mango (Stück),Lebensmittel,Obst,1.19,2025-04-24,2025-04-26,Aldi
Kulturheidelbeeren (500g),Lebensmittel,Obst,3.79,2025-04-24,2025-04-26,Aldi
Rhabarber (750g),Lebensmittel,Obst/Gemüse,1.69,2025-04-24,2025-04-26,Aldi
Snackgurken (250g),Lebensmittel,Gemüse,1.11,2025-04-24,2025-04-26,Aldi
"Speisefrühkartoffeln (1,5kg)",Lebensmittel,Gemüse/Kartoffeln,2.79,2025-04-24,2025-04-26,Aldi
GARDENLINE Geranien/Fuchsien (4er Tray),Garten/Pflanzen,Pflanzen,4.79,2025-04-24,2025-04-26,Aldi
GARDENLINE Dipladenia-Busch,Garten/Pflanzen,Pflanzen,4.99,2025-04-24,2025-04-26,Aldi
GARDENLINE Kapmargeriten,Garten/Pflanzen,Pflanzen,1.49,2025-04-24,2025-04-26,Aldi
GARDENLINE Nelken (Sorte Oscar),Garten/Pflanzen,Pflanzen,1.49,2025-04-24,2025-04-26,Aldi
GARDENLINE Lavendel,Garten/Pflanzen,Pflanzen,2.49,2025-04-24,2025-04-26,Aldi
GARDENLINE Beet-/Balkon-/Kübelpflanzen (6er Tray),Garten/Pflanzen,Pflanzen,3.99,2025-04-24,2025-04-26,Aldi
"MEINE METZGEREI Nussbraten (Schwein, 1kg)",Lebensmittel,Fleisch,5.79,2025-04-24,2025-04-26,Aldi
"BBQ Rostbrätl XXL (Schwein, mariniert, 800g)",Lebensmittel,Fleisch/Grill,5.79,2025-04-24,2025-04-26,Aldi
"MEINE METZGEREI Lammmedaillons XXL (mariniert, ca. 500g)",Lebensmittel,Fleisch/Lamm,8.99,2025-04-24,2025-04-26,Aldi
"MEINE METZGEREI Schnitzel paniert XXL (Schwein, 900g)",Lebensmittel,Fleisch/Fertiggerichte,6.99,2025-04-24,2025-04-26,Aldi
MEINE METZGEREI Hähnchen-Cordon-bleu (750g),Lebensmittel,Fleisch/Geflügel/Fertiggerichte,6.49,2025-04-24,2025-04-26,Aldi
MEINE METZGEREI Hähnchen-Oberkeulensteaks XXL (800g),Lebensmittel,Fleisch/Geflügel,4.99,2025-04-24,2025-04-26,Aldi
MEIN BESTES Börekstange Gyros-Style (Stück),Lebensmittel,Backwaren/Snacks,0.79,2025-04-24,2025-04-26,Aldi
MEIN BESTES Walnussbrot (380g),Lebensmittel,Backwaren/Brot,1.29,2025-04-24,2025-04-26,Aldi
MEIN BESTES Filled Berry Donut (Stück),Lebensmittel,Backwaren/Süßgebäck,0.79,2025-04-24,2025-04-26,Aldi
MÜLLER Joghurt mit der Ecke (versch. Sorten),Lebensmittel,Milchprodukte/Joghurt,0.33,2025-04-24,2025-04-26,Aldi
WEIHENSTEPHAN Frischer Kakao (1L),Lebensmittel,Getränke/Milchprodukte,1.39,2025-04-24,2025-04-26,Aldi
"BECEL Streichfett (pflanzlich, versch. Sorten, 225g)",Lebensmittel,Milchprodukte/Margarine,1.29,2025-04-24,2025-04-26,Aldi
"POPP Brotaufstrich (versch. Sorten, 250g)",Lebensmittel,Brotaufstriche/Feinkost,1.99,2025-04-24,2025-04-26,Aldi
"HOFBURGER Blauschimmelkäse (versch. Sorten, 200g)",Lebensmittel,Milchprodukte/Käse,1.99,2025-04-24,2025-04-26,Aldi
GUT DREI EICHEN Schinken-Lyoner XXL (250g),Lebensmittel,Wurstwaren,1.19,2025-04-24,2025-04-26,Aldi
"SALAKIS Schafskäse (versch. Sorten, 180g)",Lebensmittel,Milchprodukte/Käse,1.99,2025-04-24,2025-04-26,Aldi
"EHRMANN Obstgarten (versch. Sorten, 125g)",Lebensmittel,Milchprodukte/Desserts,0.59,2025-04-24,2025-04-26,Aldi
"MÜLLER DoppelDecker/Wackelpudding (versch. Sorten, 4x125g)",Lebensmittel,Milchprodukte/Desserts,0.99,2025-04-24,2025-04-26,Aldi
BISCOTTO Dänisches Buttergebäck (750g Dose),Lebensmittel,Süßwaren/Gebäck,4.49,2025-04-24,2025-04-26,Aldi
"MARABOU Tafelschokolade (versch. Sorten, 220g)",Lebensmittel,Süßwaren/Schokolade,2.99,2025-04-24,2025-04-26,Aldi
"STORCK merci Petits (versch. Sorten, 100g)",Lebensmittel,Süßwaren/Pralinen,1.29,2025-04-24,2025-04-26,Aldi
"LU Mikado (versch. Sorten, 75g)",Lebensmittel,Süßwaren/Gebäck,1.49,2025-04-24,2025-04-26,Aldi
"STORCK Knoppers Riegel (versch. Sorten, 5 Stk)",Lebensmittel,Süßwaren/Riegel,1.99,2025-04-24,2025-04-26,Aldi
LEIBNIZ Cream (versch. Sorten),Lebensmittel,Süßwaren/Kekse,1.49,2025-04-24,2025-04-26,Aldi
"FUNNY-FRISCH Linsenchips (versch. Sorten, 90g)",Lebensmittel,Snacks/Chips,1.49,2025-04-24,2025-04-26,Aldi
TRADER JOE’S Ahornsirup (250ml),Lebensmittel,Brotaufstriche/Sirup,3.29,2025-04-24,2025-04-26,Aldi
COPPENRATH & WIESE Kuchen-Vielfalt (versch. Sorten),Lebensmittel,Tiefkühlkost/Kuchen,5.99,2025-04-24,2025-04-26,Aldi
"SWEETLAND Bänder/Schnüre (saure Fruchtgummis, 350g)",Lebensmittel,Süßwaren/Fruchtgummi,1.99,2025-04-24,2025-04-26,Aldi
"Coca-Cola (versch. Sorten, 2L)",Getränke,Softdrinks,1.29,2025-04-24,2025-04-26,Aldi
"ABSOLUT Vodka (40% Vol, 0,7L)",Getränke,Alkoholische Getränke/Spirituosen,10.99,2025-04-24,2025-04-26,Aldi
"RAMAZZOTTI Amaro/Crema (0,7L)",Getränke,Alkoholische Getränke/Likör,9.99,2025-04-24,2025-04-26,Aldi
"HAWESTA Heringsfilets (versch. Sorten, 200g)",Lebensmittel,Konserven/Fisch,1.11,2025-04-24,2025-04-26,Aldi
"SCHWEPPES Virgin Spritz/Mojito (0,33L)",Getränke,Softdrinks/Alkoholfrei,0.99,2025-04-24,2025-04-26,Aldi
"VALENSINA Schorle (versch. Sorten, 0,75L)",Getränke,Säfte/Schorlen,0.99,2025-04-24,2025-04-26,Aldi
COPPENRATH & WIESE Aufbackbrötchen (versch. Sorten),Lebensmittel,Tiefkühlkost/Backwaren,2.22,2025-04-24,2025-04-26,Aldi
"MIRACEL WHIP Salatcreme (versch. Sorten, 500ml)",Lebensmittel,Saucen/Mayonnaise,1.49,2025-04-24,2025-04-26,Aldi
BAD REICHENHALLER Jodsalz (Doppelpackung + Streuer),Lebensmittel,Gewürze/Salz,1.99,2025-04-24,2025-04-26,Aldi
"BAD REICHENHALLER BBQ-Gewürzsalz (versch. Sorten, 108g)",Lebensmittel,Gewürze/Salz,1.29,2025-04-24,2025-04-26,Aldi
MILSANI Schmand (200g),Lebensmittel,Milchprodukte/Sahne,0.69,2025-04-26,2025-04-26,Aldi
JACK’S FARM Hähnchen-Minischnitzel (500g),Lebensmittel,Fleisch/Geflügel,2.99,2025-04-26,2025-04-26,Aldi
"HEINZ Snack-Sauce (versch. Sorten, 400ml)",Lebensmittel,Saucen/Ketchup,1.69,2025-04-26,2025-04-26,Aldi
"KERRYGOLD Käsescheiben XXL (versch. Sorten, 250g)",Lebensmittel,Milchprodukte/Käse,2.69,2025-04-26,2025-04-26,Aldi
"TRADER JOE’S Knusperkracher XXL (Paprika, 300g)",Lebensmittel,Snacks/Nüsse,1.49,2025-04-26,2025-04-26,Aldi
RIO D’ORO Fliederbeersaft (1L),Getränke,Säfte/Nektare,2.49,2025-04-26,2025-04-26,Aldi
"KING’S CROWN Tomatenmark (3-fach konz., 200g)",Lebensmittel,Konserven/Tomatenprodukte,0.89,2025-04-22,2025-04-26,Aldi
KING’S CROWN Tomaten gehackt (400g Füllmenge),Lebensmittel,Konserven/Tomatenprodukte,0.59,2025-04-22,2025-04-26,Aldi
"GUT BIO Bio-Pasta (versch. Sorten, 500g)",Lebensmittel,Pasta/Bio,0.85,2025-04-22,2025-04-26,Aldi
TRADER JOE’S Pinienkerne (50g),Lebensmittel,Backzutaten/Nüsse,2.29,2025-04-22,2025-04-26,Aldi
LE GUSTO Kräuter der Provence (20g),Lebensmittel,Gewürze/Kräuter,0.79,2025-04-22,2025-04-26,Aldi
"Ben’s Original Express Reis (Versch. Sorten, 220g)",Lebensmittel,Reis/Fertiggerichte,1.39,2025-04-22,2025-04-26,Lidl
Schlafsack,Freizeit/Camping,Campingausrüstung,7.99,2025-04-22,2025-04-26,Lidl
Verdunkeltes Campingzelt,Freizeit/Camping,Campingausrüstung,59.99,2025-04-24,2025-04-26,Lidl
Elektro-Kühlbox,Freizeit/Camping,Campingausrüstung,49.99,2025-04-24,2025-04-26,Lidl
"Ehrmann Almighurt (Versch. Sorten, 150g)",Lebensmittel,Milchprodukte/Joghurt,0.33,2025-04-22,2025-04-26,Lidl
Musselin-Bluse,Kleidung,Damenbekleidung,12.99,2025-04-24,2025-04-26,Lidl
Auberginen (lose),Lebensmittel,Gemüse,0.0,2025-04-22,2025-04-26,Lidl
Rote Paprika (500g),Lebensmittel,Gemüse,0.0,2025-04-22,2025-04-26,Lidl
Frischer Zuckermais (2 Stück),Lebensmittel,Gemüse,0.0,2025-04-22,2025-04-26,Lidl
Weiße Kulturchampignons (400g),Lebensmittel,Gemüse/Pilze,0.0,2025-04-22,2025-04-26,Lidl
"Weiße, süße Zwiebeln (lose)",Lebensmittel,Gemüse,0.0,2025-04-22,2025-04-26,Lidl
Zucchini (lose),Lebensmittel,Gemüse,0.0,2025-04-22,2025-04-26,Lidl
Grüne Paprika „Grill & Back“ (200g),Lebensmittel,Gemüse,0.0,2025-04-22,2025-04-26,Lidl
Ananas (lose),Lebensmittel,Obst,0.0,2025-04-22,2025-04-26,Lidl
Buttercroissant (3 Stück),Lebensmittel,Backwaren,0.98,2025-04-22,2025-04-26,Lidl
Bioland Steinofenbrötchen (3 Stück),Lebensmittel,Backwaren,0.98,2025-04-22,2025-04-26,Lidl
Briocheteig Croissant mit Schokofüllung (Stück),Lebensmittel,Backwaren,0.89,2025-04-22,2025-04-26,Lidl
Pizza Snack Salami (Stück),Lebensmittel,Backwaren/Snacks,0.79,2025-04-22,2025-04-26,Lidl
"Quarkbällchen (6er-Pack, 6x28g)",Lebensmittel,Backwaren/Süßgebäck,1.49,2025-04-22,2025-04-26,Lidl
"Delverde Pasta (Versch. Sorten, 1kg)",Lebensmittel,Pasta,1.88,2025-04-22,2025-04-26,Lidl
"Maggi 5 Minuten Terrine (Versch. Sorten, 41-61g)",Lebensmittel,Fertiggerichte,0.79,2025-04-22,2025-04-26,Lidl
"Emmi Caffè Latte (Versch. Sorten, 230ml)",Getränke,Kaffee/Milchmischgetränke,1.29,2025-04-22,2025-04-26,Lidl
"Ben's Original Sauce (Versch. Sorten, 395-400g)",Lebensmittel,Saucen/Fertigsaucen,1.79,2025-04-22,2025-04-26,Lidl
"Popp Brot-Aufstrich (Versch. Sorten, 250g)",Lebensmittel,Brotaufstriche/Feinkost,1.79,2025-04-22,2025-04-26,Lidl
"Lorenz Crunchips/Erdnusslocken XXL (Versch. Sorten, 210-240g)",Lebensmittel,Snacks/Chips,1.79,2025-04-22,2025-04-26,Lidl
"Bresso Frischkäse (Versch. Sorten, 150g)",Lebensmittel,Milchprodukte/Frischkäse,1.29,2025-04-22,2025-04-26,Lidl
Knack & Back Croissants/Sonntags-Brötchen (240/400g),Lebensmittel,Backwaren/Kühlregal,1.49,2025-04-22,2025-04-26,Lidl
"Gerolsteiner Mineralwasser medium (1,5l)",Getränke,Wasser,0.79,2025-04-22,2025-04-26,Lidl
"Milka Schokolade Großtafel (Versch. Sorten, 270-300g)",Lebensmittel,Süßwaren,3.29,2025-04-22,2025-04-26,Lidl
"Schwip Schwap/7UP (Versch. Sorten, 1,25l)",Getränke,Softdrinks,0.89,2025-04-22,2025-04-26,Lidl
"Nestlé Cerealien (Versch. Sorten, 200-375g)",Lebensmittel,Frühstück/Cerealien,2.49,2025-04-22,2025-04-26,Lidl
Mövenpick Der Himmlische Röstkaffee (500g),Getränke,Kaffee/Bohnen&Gemahlen,5.99,2025-04-22,2025-04-26,Lidl
"Jim Beam Whiskey (Versch. Sorten, 40/32,5% vol, 0,7l)",Getränke,Alkoholische Getränke/Spirituosen,10.99,2025-04-22,2025-04-26,Lidl
"Tillman’s Toasty (Versch. Sorten, 280g)",Lebensmittel,Fleisch/Fertiggerichte,2.69,2025-04-22,2025-04-26,Lidl
"Bull's Eye Feinkostsaucen (Versch. Sorten, 300ml)",Lebensmittel,Saucen/Grillsaucen,2.22,2025-04-22,2025-04-26,Lidl
"funny-frisch Ofen Chips (Versch. Sorten, 125g)",Lebensmittel,Snacks/Chips,1.29,2025-04-22,2025-04-26,Lidl
Bonbel „Unser Cremiger“ Butterkäse (100g),Lebensmittel,Milchprodukte/Käse,1.99,2025-04-22,2025-04-26,Lidl
"Loose Quäse (Versch. Sorten, 220g)",Lebensmittel,Milchprodukte/Käse,2.39,2025-04-22,2025-04-26,Lidl
"Violife Vegane Käsealternativen (Versch. Sorten, 140-180g)",Lebensmittel,Vegetarisch-Vegan/Käsealternativen,1.99,2025-04-22,2025-04-26,Lidl
"Dovgan Plombir Eis Burger/Donuts (Versch. Sorten, 4er Pack)",Lebensmittel,Tiefkühlkost/Eis,3.59,2025-04-22,2025-04-26,Lidl
"Nestlé Schöller Family Box (7er-Pack, 478ml)",Lebensmittel,Tiefkühlkost/Eis,2.49,2025-04-22,2025-04-26,Lidl
"Ehrmann High Protein Mousse (Versch. Sorten, 200g)",Lebensmittel,Milchprodukte/Desserts,1.29,2025-04-22,2025-04-26,Lidl
"Alpro Nussdrink (Versch. Sorten, 1l)",Getränke,Pflanzliche Drinks,1.99,2025-04-22,2025-04-26,Lidl
"Ariel Waschmittel (Pulver/Flüssig/Pods, 76-100WL)",Haushalt/Drogerie,Waschmittel,18.99,2025-04-22,2025-04-26,Lidl
"Rügenwalder Mühle Veganer Aufschnitt (Versch. Sorten, 100g)",Lebensmittel,Vegetarisch-Vegan/Wurstalternativen,1.11,2025-04-22,2025-04-26,Lidl
Yogurette/Kinder Schokolade (4x100g),Lebensmittel,Süßwaren,4.69,2025-04-22,2025-04-26,Lidl
"Ocean Sea MSC Alaska-Seelachs Portionsfilets XXL (Paniert, 960g)",Lebensmittel,Tiefkühlkost/Fisch,4.79,2025-04-22,2025-04-26,Lidl
Nautica Norwegischer Räucherlachs XXL (220g),Lebensmittel,Kühlregal/Fisch,4.79,2025-04-22,2025-04-26,Lidl
Kinder Bueno (258g),Lebensmittel,Süßwaren,4.19,2025-04-22,2025-04-26,Lidl
"WC Frisch Kraft Aktiv WC-Stein (Versch. Sorten, 3x50g)",Haushalt/Drogerie,WC-Reiniger,3.79,2025-04-22,2025-04-26,Lidl
"Sheba Katzennahrung (Versch. Sorten, 60x85g)",Tiernahrung,Katzenfutter/Nassfutter,22.99,2025-04-22,2025-04-26,Lidl
"Kuchenzauber Muffins XXL (Versch. Sorten, 540g)",Lebensmittel,Backwaren/Kuchen,2.59,2025-04-22,2025-04-26,Lidl
"Floralys Küchentücher (8 Rollen, 2-lagig)",Haushalt/Drogerie,Papierwaren,3.99,2025-04-22,2025-04-26,Lidl
Sondey Linzeraugen XXL (520g),Lebensmittel,Süßwaren/Gebäck,3.29,2025-04-22,2025-04-26,Lidl
"Wiltmann Feinschmecker Salami (Versch. Sorten, 70-80g)",Lebensmittel,Wurstwaren/Salami,1.29,2025-04-22,2025-04-26,Lidl
Bon Gelati Mini Mix Eis Classic XXL (16x50ml),Lebensmittel,Tiefkühlkost/Eis,4.35,2025-04-22,2025-04-26,Lidl
"Culinea Superhelden Nuggets (Mit Dip, 475g)",Lebensmittel,Tiefkühlkost/Geflügel,3.49,2025-04-22,2025-04-26,Lidl
"Panda Frühlingsrollen (Versch. Sorten, 5 Stück + Sauce, 278g)",Lebensmittel,Tiefkühlkost/Asiatisch,2.69,2025-04-22,2025-04-26,Lidl
Kiri Dippi (5x35g),Lebensmittel,Milchprodukte/Käse,2.99,2025-04-22,2025-04-26,Lidl
"Bergader Bergbauern Käse (Versch. Sorten, 150g)",Lebensmittel,Milchprodukte/Käse,1.79,2025-04-22,2025-04-26,Lidl
"Rotkäppchen Weichkäse Spezialitäten (Versch. Sorten, 175g)",Lebensmittel,Milchprodukte/Käse,2.49,2025-04-22,2025-04-26,Lidl
"Kinder Milchschnitte (5er-Pack, 5x28g)",Lebensmittel,Süßwaren/Kühlregal,1.39,2025-04-22,2025-04-26,Lidl
"Kinder Pingui (4er-Pack, 4x30g)",Lebensmittel,Süßwaren/Kühlregal,1.29,2025-04-22,2025-04-26,Lidl
"Innocent Smoothie (Versch. Sorten, 0,25l)",Getränke,Säfte/Smoothies,1.49,2025-04-22,2025-04-26,Lidl
"Milbona High Protein Quark-Creme XXL (Versch. Sorten, 500g)",Lebensmittel,Milchprodukte/Quark,1.99,2025-04-22,2025-04-26,Lidl
"Kinder Paradiso (4er-Pack, 4x29g)",Lebensmittel,Süßwaren/Kuchen,1.99,2025-04-22,2025-04-26,Lidl
"Ehrmann Robby Monster Backe Früchte-Quark/Wackelpudding (Versch. Sorten, 90g)",Lebensmittel,Milchprodukte/Desserts,0.59,2025-04-22,2025-04-26,Lidl
"Chef Select to Go! Dürüm (Versch. Sorten, 250g)",Lebensmittel,Fertiggerichte/Kühlregal,2.99,2025-04-22,2025-04-26,Lidl
"Vitasia Instant Nudeln (Versch. Sorten, 85g)",Lebensmittel,Fertiggerichte/Asiatisch,0.59,2025-04-22,2025-04-26,Lidl
"Alesto Selection Mandeln (Naturbelassen, 200g)",Lebensmittel,Snacks/Nüsse,1.99,2025-04-22,2025-04-26,Lidl
"Sweet Corner Gummibonbons (Versch. Sorten, 300g)",Lebensmittel,Süßwaren,0.89,2025-04-22,2025-04-26,Lidl
McEnnedy Erdnussbutter XXL (650g),Lebensmittel,Brotaufstriche,2.99,2025-04-22,2025-04-26,Lidl
Sondey Chocolate Cookies Vegan (225g),Lebensmittel,Süßwaren/Gebäck,1.19,2025-04-22,2025-04-26,Lidl
"L’Oréal Men Expert Duschgel (Versch. Sorten, Doppelpack 2x400ml)",Drogerie,Körperpflege/Duschgel,4.99,2025-04-22,2025-04-26,Lidl
"Zarelo Kaminofen-/Grillanzünder (Versch. Sorten, 1kg)",Haushalt,Grillzubehör/Heizen,4.99,2025-04-22,2025-04-26,Lidl
Sheba Sauce Lover Feine Vielfalt in Sauce (32x85g),Tiernahrung,Katzenfutter/Nassfutter,13.99,2025-04-22,2025-04-26,Lidl
"Grillmeister Hähnchen-Mini-Steaks (Mariniert, versch. Sorten, 400g)",Lebensmittel,Fleisch/Geflügel,3.49,2025-04-22,2025-04-26,Lidl
"Grillmeister Schweine-Nackensteaks (Gewürzt, versch. Sorten, 600g)",Lebensmittel,Fleisch,3.89,2025-04-22,2025-04-26,Lidl
"Grillmeister Hähnchen-Grillplatte (1,1kg)",Lebensmittel,Fleisch/Geflügel,4.99,2025-04-22,2025-04-26,Lidl
"Grillmeister Rinder-Rumpsteak (Vom Jungbullen, gewürzt, versch. Sorten, ca. 250g)",Lebensmittel,Fleisch,4.25,2025-04-22,2025-04-26,Lidl
"Grillmeister Bratwurst Merguez (Vom Rind und Lamm, 360g)",Lebensmittel,Fleisch/Wurst,3.59,2025-04-22,2025-04-26,Lidl
"Grillmeister Puten-Bratwurst (Gewürzt, 540g)",Lebensmittel,Fleisch/Geflügel/Wurst,3.49,2025-04-22,2025-04-26,Lidl
"Grillmeister Schweine-Grillfackeln (Gewürzt, 800g)",Lebensmittel,Fleisch,6.99,2025-04-22,2025-04-26,Lidl
"Grillmeister Puten-Grillies (Mariniert, 300g)",Lebensmittel,Fleisch/Geflügel,2.22,2025-04-22,2025-04-26,Lidl
"Grillmeister Puten-Hacksteaks (Mariniert, 320g)",Lebensmittel,Fleisch/Geflügel,2.19,2025-04-22,2025-04-26,Lidl
"Grillmeister ASC White Tiger Garnelenspieße (Gewürzt, 100g)",Lebensmittel,Fisch/Meeresfrüchte,1.99,2025-04-22,2025-04-26,Lidl
"Grillmeister Schweine-Bauchscheiben (Gewürzt, versch. Sorten, 700g)",Lebensmittel,Fleisch,4.39,2025-04-22,2025-04-26,Lidl
"Metzgerfrisch Premium Kalbs-Burger (2 Stück, 250g)",Lebensmittel,Fleisch,3.99,2025-04-22,2025-04-26,Lidl
"Metzgerfrisch Bio Traditions-Rostbratwurst (versch. Sorten, 260/220g)",Lebensmittel,Fleisch/Bio,3.39,2025-04-22,2025-04-26,Lidl
Milbona Bio Griechischer Feta (200g),Lebensmittel,Milchprodukte/Bio,2.19,2025-04-22,2025-04-26,Lidl
"Vemondo Bio Veganer Brotaufstrich (versch. Sorten, 180g)",Lebensmittel,Aufstrich/Vegan/Bio,1.11,2025-04-22,2025-04-26,Lidl
"Bioland Nürnberger Rostbratwurst (12 Stück, 250g, Lidl Plus)",Lebensmittel,Fleisch/Bio,3.39,2025-04-22,2025-04-26,Lidl
Vemondo Bio Vegane Salatmayo (250ml),Lebensmittel,Saucen/Vegan/Bio,0.99,2025-04-22,2025-04-26,Lidl
Bioland Hirtenkäse (200g),Lebensmittel,Milchprodukte/Bio,1.49,2025-04-22,2025-04-26,Lidl
Grillmeister Original Nürnberger Rostbratwürste XXL (500g),Lebensmittel,Fleisch,4.69,2025-04-22,2025-04-26,Lidl
"Grillmeister Ajvar (versch. Sorten, 370ml)",Lebensmittel,Saucen/Konserven,0.85,2025-04-22,2025-04-26,Lidl
"Grillmeister Mini Rostbratwürste (300g, Lidl Plus)",Lebensmittel,Fleisch,2.19,2025-04-22,2025-04-26,Lidl
Grillmeister Käsekrainer XXL (900g),Lebensmittel,Fleisch,7.49,2025-04-22,2025-04-26,Lidl
"Grillmeister Original Thüringer Rostbratwurst (500g, Lidl Plus)",Lebensmittel,Fleisch,2.59,2025-04-22,2025-04-26,Lidl
Grillmeister Holzkohle (3kg),Haushalt,Grillzubehör,3.69,2025-04-22,2025-04-26,Lidl
"Kania Delikatess Mayonnaise/Würzige Remoulade (500ml, Lidl Plus)",Lebensmittel,Saucen,1.29,2025-04-22,2025-04-26,Lidl
"Kania Tomatenketchup (500ml, Lidl Plus)",Lebensmittel,Saucen,0.99,2025-04-22,2025-04-26,Lidl
"Kania Gourmetsauce (versch. Sorten, 250ml, Lidl Plus)",Lebensmittel,Saucen,0.79,2025-04-22,2025-04-26,Lidl
"Kania Würzlinge (versch. Sorten, 80/70g, Lidl Plus)",Lebensmittel,Gewürze,0.59,2025-04-22,2025-04-26,Lidl
"Kania Salatdressing (versch. Sorten, 500ml, Lidl Plus)",Lebensmittel,Saucen,1.19,2025-04-22,2025-04-26,Lidl
"Kania Fix für Salatsauce (versch. Sorten, 40g, Lidl Plus)",Lebensmittel,Gewürze,0.39,2025-04-22,2025-04-26,Lidl
"Kania Delikatess Senf (versch. Sorten, 200ml, Lidl Plus)",Lebensmittel,Saucen,0.49,2025-04-22,2025-04-26,Lidl
"Freshona Bio Gemüse (versch. Sorten, 750g)",Lebensmittel,Tiefkühlkost/Bio,2.69,2025-04-22,2025-04-26,Lidl
"Bioland Käse am Stück (versch. Sorten, 200g)",Lebensmittel,Milchprodukte/Bio,2.69,2025-04-22,2025-04-26,Lidl
"Metzgerfrisch Bio Wurstaufschnitt (versch. Sorten, 125g)",Lebensmittel,Wurst/Bio,1.79,2025-04-22,2025-04-26,Lidl
Vita D'or Bio Natives Kokosnussöl (450ml),Lebensmittel,Öle/Bio,3.59,2025-04-22,2025-04-26,Lidl
"Solevita Bio Ingwer Shot (versch. Sorten, 0.5l, Lidl Plus)",Getränke,Säfte/Bio,2.49,2025-04-22,2025-04-26,Lidl
"Kania Bio Pfeffer/Meersalz (versch. Sorten, 100/70/200g)",Lebensmittel,Gewürze/Bio,1.99,2025-04-22,2025-04-26,Lidl
"Heinz Snack Saucen (versch. Sorten, 400ml)",Lebensmittel,Saucen,1.99,2025-04-22,2025-04-26,Lidl
Dulano Berner Würstchen XXL (1kg),Lebensmittel,Fleisch,7.49,2025-04-22,2025-04-26,Lidl
Dulano Delikatess Rostbratwurst XXL (12x90g),Lebensmittel,Fleisch,5.69,2025-04-22,2025-04-26,Lidl
Vemondo Vegane Ribs (240g),Lebensmittel,Vegan/Tiefkühlkost,2.49,2025-04-22,2025-04-26,Lidl
"Alpenhain Grill-Käsegenuss (versch. Sorten, 150g)",Lebensmittel,Milchprodukte/Käse,1.99,2025-04-22,2025-04-26,Lidl
"Chef Select Antipastimix (versch. Sorten, 300g)",Lebensmittel,Fertiggerichte/Feinkost,3.49,2025-04-22,2025-04-26,Lidl
"Chef Select Mini Focaccia (versch. Sorten, 4x70/4x75g)",Lebensmittel,Backwaren/Fertiggerichte,2.29,2025-04-22,2025-04-26,Lidl
"Milbona Mozzarella XXL (2 Kugeln, 250g Abtropfgewicht)",Lebensmittel,Milchprodukte/Käse,1.49,2025-04-22,2025-04-26,Lidl
Milbona Hirtenkäse XXL (400g),Lebensmittel,Milchprodukte/Käse,2.49,2025-04-22,2025-04-26,Lidl
"Primitivo Puglia IGT, Rotwein, trocken (0.75l)",Getränke,Wein,2.99,2025-04-22,2025-04-26,Lidl
"Chile Cabernet Sauvignon, Rotwein (0.75l)",Getränke,Wein,1.99,2025-04-22,2025-04-26,Lidl
"Freeway Trinkbrause (versch. Sorten, 1.5l)",Getränke,Limonade,0.59,2025-04-22,2025-04-26,Lidl
"Freeway Eistee (versch. Sorten, 1.5l)",Getränke,Eistee,0.89,2025-04-22,2025-04-26,Lidl
"Greco di Tufo DOCG, Weißwein, trocken (0.75l)",Getränke,Wein,4.99,2025-04-22,2025-04-26,Lidl
"Havana Club Rum (37.5% vol, 0.7l) + Schweppes Virgin Mojito (1.25l)",Getränke,Spirituosen,11.99,2025-04-22,2025-04-26,Lidl
Perlenbacher Premium Pils XXL (9x0.5l),Getränke,Bier,3.55,2025-04-22,2025-04-26,Lidl
Bon Gelati Schoko-Vanille Hörnchen XXL (8x120ml),Lebensmittel,Tiefkühlkost/Eis,2.19,2025-04-22,2025-04-26,Lidl
"Bon Gelati Sandwich-Eis XXL (versch. Sorten, 10x90ml)",Lebensmittel,Tiefkühlkost/Eis,2.19,2025-04-22,2025-04-26,Lidl
Bon Gelati Stieleis Erdbeer Crisp XXL (8x120ml),Lebensmittel,Tiefkühlkost/Eis,4.85,2025-04-22,2025-04-26,Lidl
"Gelatelli Eisspaß Dessertsauce (versch. Sorten, 225ml)",Lebensmittel,Saucen/Dessert,1.99,2025-04-22,2025-04-26,Lidl
"Sun Lolly Eislutscher (versch. Sorten, 520g, Lidl Plus)",Lebensmittel,Tiefkühlkost/Eis,1.69,2025-04-22,2025-04-26,Lidl
Frödinge Jordgubbstarta Erdbeertorte (500g),Lebensmittel,Tiefkühlkost/Kuchen,4.99,2025-04-22,2025-04-26,Lidl
Cien Sun Sonnenmilch LSF30 (500ml),Drogerie,Sonnenschutz,7.25,2025-04-22,2025-04-26,Lidl
"Cien Sun Sonnenschutz (versch. Sorten, LSF 50/30, 200/250/50ml)",Drogerie,Sonnenschutz,2.75,2025-04-22,2025-04-26,Lidl
Alma Latina ASC White Tiger Garnelen (1kg),Lebensmittel,Tiefkühlkost/Fisch&Meeresfrüchte,11.99,2025-04-22,2025-04-26,Lidl
"Alma Latina Bohnen (versch. Sorten, 900g)",Lebensmittel,Konserven,2.99,2025-04-22,2025-04-26,Lidl
"El Tequito Tortilla Wraps (8 Stück, 320g)",Lebensmittel,Backwaren/International,0.99,2025-04-22,2025-04-26,Lidl
El Tequito Taco Shells (158g),Lebensmittel,Snacks/International,1.99,2025-04-22,2025-04-26,Lidl
El Tequito Jalapeños (160g Abtropfgewicht),Lebensmittel,Konserven/International,0.79,2025-04-22,2025-04-26,Lidl
"El Tequito Quesadilla (versch. Sorten, 2x140g)",Lebensmittel,Tiefkühlkost/International,2.99,2025-04-22,2025-04-26,Lidl
"El Tequito Tex Mex Reibekäse (versch. Sorten, 200g)",Lebensmittel,Milchprodukte/Käse,1.99,2025-04-22,2025-04-26,Lidl
"Sierra Tequila Blanco (38% vol, 0.7l)",Getränke,Spirituosen,10.99,2025-04-22,2025-04-26,Lidl
"Metzgerfrisch Cordon Bleu-Schnitte (vom Schwein, 1kg)",Lebensmittel,Fleisch,6.99,2025-04-24,2025-04-26,Lidl
"Metzgerfrisch Frisches Hähnchen-Hackfleisch (gewürzt, 800g)",Lebensmittel,Fleisch/Geflügel,4.99,2025-04-24,2025-04-26,Lidl
Metzgerfrisch Frische Puten-Ministeaks (800g),Lebensmittel,Fleisch/Geflügel,6.99,2025-04-24,2025-04-26,Lidl
"Olivia Frisches ganzes Kaninchen (ca. 1.2kg, kg-Preis)",Lebensmittel,Fleisch,9.99,2025-04-24,2025-04-26,Lidl
Metzgerfrisch Frisches Rinder-Cevapcici (800g),Lebensmittel,Fleisch,6.99,2025-04-24,2025-04-26,Lidl
Fischerstolz MSC Backfisch (560g),Lebensmittel,Tiefkühlkost/Fisch,5.49,2025-04-24,2025-04-26,Lidl
"Metzgerfrisch Frischer Schweinebauch (am Stück, mit Knochen, ca. 1.5kg, kg-Preis)",Lebensmittel,Fleisch,5.49,2025-04-24,2025-04-26,Lidl
"Metzgerfrisch Premium US Chuck-Eye-Steak (ca. 400g, kg-Preis)",Lebensmittel,Fleisch,19.99,2025-04-24,2025-04-26,Lidl
"Metzgerfrisch Ganzes Hähnchen (gewürzt, ohne Innereien, 1.4kg)",Lebensmittel,Fleisch/Geflügel,5.99,2025-04-24,2025-04-26,Lidl
"Dr. Oetker Vitalis Müsli (versch. Sorten, 600/500/450g)",Lebensmittel,Frühstück/Müsli,1.99,2025-04-24,2025-04-26,Lidl
"Aoste Stickado/Brot-Duo (versch. Sorten, 70/2x45/60g)",Lebensmittel,Snacks/Wurst,1.59,2025-04-24,2025-04-26,Lidl
"Teekanne Frio Tee (versch. Sorten, 18x2.5g)",Getränke,Tee,1.99,2025-04-24,2025-04-26,Lidl
"Almdudler (versch. Sorten, 1l)",Getränke,Limonade,0.99,2025-04-24,2025-04-26,Lidl
"Dr. Oetker Ristorante Pizza/Bistro Flammkuchen (versch. Sorten, 2er Pack, Lidl Plus)",Lebensmittel,Tiefkühlkost/Pizza,3.99,2025-04-24,2025-04-26,Lidl
"Langnese Eis (versch. Sorten, Multipack)",Lebensmittel,Tiefkühlkost/Eis,2.49,2025-04-24,2025-04-26,Lidl
Nutella Eis (470ml),Lebensmittel,Tiefkühlkost/Eis,4.44,2025-04-24,2025-04-26,Lidl
Block House Familien Burger (660g),Lebensmittel,Tiefkühlkost/Fleisch,7.77,2025-04-24,2025-04-26,Lidl
"Insane Kane Sticks (versch. Sorten, 80g)",Lebensmittel,Süßwaren,0.88,2025-04-24,2025-04-26,Lidl
"Billie Green Vegane Bratwurst-Alternative (versch. Sorten, 180g, Lidl Plus)",Lebensmittel,Vegan/Fleischersatz,2.49,2025-04-24,2025-04-26,Lidl
"Freeway Fruity Limonade (versch. Sorten, 1l)",Getränke,Limonade,0.79,2025-04-24,2025-04-26,Lidl
"Lipton Ice Tea (versch. Sorten, 1.75l)",Getränke,Eistee,1.49,2025-04-24,2025-04-26,Lidl
"Glade Automatic Spray Nachfüller (2x269ml, Lidl Plus)",Haushalt,Lufterfrischer,6.49,2025-04-24,2025-04-26,Lidl
"Monster Energy Drink (versch. Sorten, 0.5l, Lidl Plus)",Getränke,Energy Drinks,0.99,2025-04-24,2025-04-26,Lidl
"WC Ente Frische-Siegel Nachfüller (versch. Sorten, 2x36ml)",Haushalt,Reinigungsmittel,2.99,2025-04-24,2025-04-26,Lidl
"Kuschelweich Waschmittel (Pulver/flüssig, 19/22 WL)",Haushalt,Waschmittel,3.49,2025-04-24,2025-04-26,Lidl
"Meggle Streichzart (versch. Sorten, 400g, Lidl Plus)",Lebensmittel,Milchprodukte/Butter&Margarine,2.99,2025-04-25,2025-04-26,Lidl
"Söhnlein Brillant Sekt (versch. Sorten, 0.75l)",Getränke,Sekt,2.69,2025-04-25,2025-04-26,Lidl
"Leerdammer gerieben (versch. Sorten, 160g)",Lebensmittel,Milchprodukte/Käse,1.79,2025-04-25,2025-04-26,Lidl
"Mövenpick Ganze Bohnen (versch. Sorten, 1kg)",Lebensmittel,Kaffee,11.29,2025-04-25,2025-04-26,Lidl
"Müller Müllermilch (versch. Sorten, 500ml)",Lebensmittel,Milchprodukte/Getränke,0.88,2025-04-25,2025-04-26,Lidl